{
  "name": "kiwi36",
  "matrix": { "rows": 8, "cols": 5 },
  "layouts": {
      "keymap": [
                  [{"x": 2},"0,2",{"x": 6},"4,2"],
                  [{"y": -0.685,"x": 1},"0,1",{"x": 8},"4,1"],
                  [{"y": -0.9738,"x": 3},"0,3",{"x": 4},"4,3"],
                  [{"y": -0.8688,"x": 4},"0,4",{"x": 2},"4,4"],
                  [{"y": -0.5259},"0,0",{"x": 10},"4,0"],
                  [{"y": -0.9465,"x": 2},"1,2"],
                  [{"y": -1,"x": 9},"5,2"],
                  [{"y": -0.685,"x": 1},"1,1",{"x": 8},"5,1"],
                  [{"y": -0.9738,"x": 3},"1,3",{"x": 4},"5,3"],
                  [{"y": -0.8688,"x": 4},"1,4",{"x": 2},"5,4"],
                  [{"y": -0.5259},"1,0",{"x": 10},"5,0"],
                  [{"y": -0.9464999999999999,"x": 2},"2,2",{"x": 6},"6,2"],
                  [{"y": -0.685,"x": 1},"2,1",{"x": 8},"6,1"],
                  [{"y": -0.9737999999999998,"x": 3 },"2,3",{"x": 4},"6,3"],
                  [{"y": -0.8688000000000002,"x": 4},"2,4",{"x": 2},"6,4"],
                  [{"y": -0.5259},"2,0",{"x": 10},"6,0" ],
                  [{"y": -0.6052999999999997,"x": 2.3824},"3,2",{"x": 5.235099999999999},"7,2"],
                  [{"r": 15,"y": -1.9939999999999998,"x": 4.3731},"3,3"],
                  [{"r": -60,"rx": 2,"ry": 2,"y": 3.3200000000000003,"x": -1.14,"w": 1.5},"3,4"],
                  [{"r": -30,"y": -0.7000000000000002,"x": 2.5999999999999996,"h": 1.5},"7,4"],
                  [{"r": -15,"rx": 0,"ry": 0,"y": 5.46,"x": 6.2},"7,3"]
              
      ]
   }
}
        

